clean_combined_text,label_model
تقرير ترامب يوقع خلال ساعات أمرا بشأن تخفيف عقوبات سوريا ذكر مراسل لشبكة سيبيإس منصة إكس الرئيس الأميركي دونالد ترامب سيوقع وقت لاحق الاثنين أمرا تنفيذيا يتعلق بتخفيف العقوبات سوريا,سياسة
الإمارات تعزي ضحايا انهيار منجم السودان عبرت دولة الإمارات تعازيها الصادقة وتضامنها أسر وذوي الضحايا والشعب السوداني الشقيق حادث انهيار منجم لتعدين الذهب منطقة هويد,اجتماعي
مصادر محادثات مباشرة سوريا وإسرائيل بشأن ترتيبات أمنية تجري إسرائيل وسوريا محادثات مباشرة تركز ترتيبات أمنية محدودة والانسحاب المحتمل للقوات الإسرائيلية الأراضي المحتلة جنوب سوريا وفقا ذكرته مصادر سورية لوكالة الأنباء الألمانية,سياسة
قصف إسرائيلي مباغت يقتل 24 شخصا استراحة شاطئ غزة أكدت وسائل إعلام فلسطينية قيام الجيش الإسرائيلي بهجمات جوية مباغتة أسفرت 24 قتيلا استراحة الباقة شاطئ بحر مدينة غزة,سياسة
حملة ممنهجة بيان محامي شيرين جدل موازين قال محامي الفنانة شيرين عبد الوهاب ياسر قنطوش المطربة المصرية تتعرض وصفها بـحملة ممنهجة لتدمير نجاح تقوم وذلك الانتقادات تعرضت إطار مشاركتها مهرجان موازين إيقاعات العالم المنظم العاصمة المغربية الرباط,ثقافة
فيديو دبي تطلق رحلة تجريبية للتاكسي الجوي أكد الشيخ حمدان بن محمد بن راشد آل مكتوم ولي عهد دبي نائب رئيس مجلس الوزراء وزير الدفاع رئيس المجلس التنفيذي لإمارة دبي رؤية الشيخ محمد بن راشد آل مكتوم نائب رئيس الدولة رئيس مجلس الوزراء حاكم دبي تشكل الأساس لإسهام دبي الملموس تشكيل ملامح مستقبل واعد ومستدام للعديد القطاعات الحيوية عالميا عبر إطلاق وتبني خدمات وحلول نوعية تدعمها شراكات إستراتيجية أهم وأبرز المبتكرين حول العالم,تكنولوجيا
حادث اختفاء طفلة وسط البحر يثير صدمة واسعة تونس تحولت رحلة استجمام لعائلة تونسية بشاطئ قليبية شرقي البلاد مأساة فقدان طفلتهم مريم البالغة العمر سنوات ظروف تزال غامضة يوم السبت الماضي,اجتماعي
ضربة إيران رئيس معهد وايزمان الإسرائيلي يكشف الخسائر كشف رئيس معهد وايزمان للأبحاث إسرائيل ألون حاين حجم الضرر لحق بالمختبرات والمنشآت التابعة للمعهد نتيجة إصابة بصاروخ إيراني,سياسة
النفط يتراجع بفعل تهدئة التوترات وترقب قرار أوبك المقبل تراجعت أسعار النفط خلال تعاملات الاثنين ظل انحسار المخاطر الجيوسياسية بالشرق الأوسط بالتزامن توقعات بزيادة جديدة إنتاج أوبك خلال المقبل واستمرار حالة الضبابية بشأن الطلب العالمي,اقتصاد
نمو الاقتصاد المغربي 48 بالربع الأول بدعم الزراعة والصناعة سجل الاقتصاد المغربي نموا بنسبة 48 بالمئة الربع الأول 2025 مقارنة بـ3 بالمئة الفترة نفسها العام الماضي وفقا أعلنت عنه المندوبية السامية للتخطيط الاثنين,اقتصاد
برلين عقوبات أوروبية جديدة روسيا تقر الأسبوع كشف متحدث باسم الحكومة الألمانية الاثنين الاتحاد الأوروبي يتبنى الحزمة الثامنة العقوبات ضد روسيا خلال الأسبوع الجاري إطار الرد المتواصل الحرب أوكرانيا,سياسة
تفاصيل جديدة قتلت إسرائيل كبار علماء النووي إيران فجر 13 شنت إسرائيل سلسلة هجمات دقيقة استهدفت منازل كبار العلماء الإيرانيين العاملين البرنامج النووي طهران أسفر مقتل 9 منهم الأقل حينها,سياسة
5 أسئلة حساسة موقعة الهلال ومان سيتي تقع المفاجأة يواصل نادي الهلال السعودي مغامرته المميزة كأس العالم للأندية 2025 بمواجهة مرتقبة مانشستر سيتي الإنجليزي فجر الثلاثاء مدينة أورلاندو شرقي الولايات المتحدة,رياضة
التصنيع الصيني ينكمش للشهر الثالث رغم تحسن المؤشرات الفرعية واصل قطاع التصنيع الصين انكماشه خلال للشهر الثالث التوالي بقاء مؤشر مديري المشتريات pmi الصناعي 497 نقطة وفقا للبيانات الرسمية الصادرة مكتب الإحصاءات اليوم الاثنين,اقتصاد
إيران رحلت عددا ضخما الأفغان خلال شهر الحرب إسرائيل 230 أفغاني بلادهم إيران خلال معظمهم رحلتهم طهران بحسب أفادت منظمة الهجرة الدولية التابعة للأمم المتحدة الاثنين بعدما أمرت إيران ملايين الأفغان المقيمين أراضيها بشكل نظامي بالمغادرة,سياسة
ترامب يهدد ممداني بالتصرف الصحيح وإلا تجاهل المرشح الأول لرئاسة بلدية نيويورك زهران ممداني هجمات الرئيس الأميركي دونالد ترامب ونفى شيوعيته خلال مقابلة أجريت الأحد قال المرشح التقدمي لمنصب عمدة مدينة نيويورك يعارض فكرة المليارديرات,سياسة
تتحرك الظل تكون zhipu ai تثير قلق openai خطوة نادرة تسلط الضوء تصاعد المنافسة التكنولوجية واشنطن وبكين حذرت شركة openai الأميركية مدونة بحثية التقدم السريع تحققه شركة zhipu ai الصينية المدعومة الحكومة معتبرة لاعبا مركزيا يعمل الخفاء لمساعدة الصين تحقيق طموحها بتصدر سباق الذكاء الاصطناعي العالمي,تكنولوجيا
القاع بوابة تهريب مفتوحة لبنان وسوريا جنح الظلام وفي ضوء النهار تمر صهاريج الوقود مسرعة ذهابا وإيابا بلا توقف عابرة الحدود اللبنانية السورية حسيب رقيب,اقتصاد
التحدي الخطير تيك توك يودي بحياة طفل بريطاني لقي طفل بريطاني يدعى سيباستيان حتفه أثناء محاولته تنفيذ تحدي فقدان الوعي المنتشر منصة تيك توك حادثة أثارت مخاوف جديدة مخاطر المحتوى الرقمي الموجه للأطفال,صحة
دراسة أثرية النساء حكمن أولى الحضارات البشرية أظهرت دراسة جديدة موقع تشاتالهويوك جنوبي تركيا النساء وليس الرجال يكن تولين السلطة واحدة أقدم المدن المعروفة والتي تعود 7000 عام الميلاد وفقا نشرته صحيفة ديلي ميل البريطانية,ثقافة
إيران تهاجم مستشار ألمانيا بشأن العمل القذر انتقدت وزارة الخارجية الإيرانية يوم الاثنين بشدة تصريحات المستشار الألماني فريدريش ميرتس بشأن الحرب إسرائيل,سياسة
إيران ترامب يمارس ألاعيب نفسية بشأن رفع العقوبات انتقدت إيران الاثنين تغير مواقف الرئيس الأميركي دونالد ترامب بشأن رفع العقوبات الاقتصادية المفروضة طهران واصفة بأنه ألاعيب تهدف حل المشاكل البلدين,سياسة
إسرائيل مهتمة بتطبيع العلاقات سوريا ولن تترك الجولان أكد وزير الخارجية الإسرائيلي جدعون ساعر الإثنين بلاده مهتمة بتطبيع علاقاتها سوريا ولبنان مؤكدا هضبة الجولان السورية المحتلة ستبقى جزءا يتجزأ إسرائيل اتفاق سلام محتمل,سياسة
ألمانيا وفرنسا وبريطانيا تندد بـتهديدات إيران بحق غروسي نددت ألمانيا وفرنسا وبريطانيا بيان مشترك اليوم الاثنين بـتهديدات طهران بحق المدير العام للوكالة الدولية للطاقة الذرية رافايل غروسي الضربات الأميركية والإسرائيلية منشآت نووية إيران وإعلان الأخيرة تعليق التعاون الوكالة,سياسة
تتفاعل الأسواق تصعيد ترامب ضد باول تسود حالة الترقب المشوب بالحذر داخل الأوساط المالية الأميركية ظل تصاعد الضغوط السياسية مجلس الاحتياطي الفيدرالي واشتداد الجدل حول مستقبل أسعار الفائدة الولايات المتحدة,اقتصاد
شيرين تثير الجدل اختتام مهرجان موازين حدث شهد حفل اختتام مهرجان موازين إيقاعات العالم العاصمة المغربية الرباط أحيته الفنانة المصرية شيرين عبد الوهاب جدلا واسعا منصات التواصل الاجتماعي انتقادات حادة الحاضرين للحفل ورسائل دعم جمهورها ومحبيها,ثقافة
البطالة تركيا تنخفض 84 أظهرت بيانات معهد الإحصاء التركي الاثنين تراجع معدل البطالة 84 بالمئة خلال بانخفاض قدره 02 نقطة مئوية بينما بقي معدل مشاركة القوى العاملة مستقرا 535 بالمئة,اقتصاد
اقتصاد بريطانيا ينمو 07 الربع الأول بأسرع وتيرة عام سجل الاقتصاد البريطاني الإثنين نموا بنسبة 07 بالمئة الربع الأول 2025 أسرع معدل نمو فصلي بداية 2024 بحسب بيانات مكتب الإحصاءات الوطنية,اقتصاد
البرلمان المصري يقر زيادات ضريبية السجائر والكحول أقر مجلس النواب المصري الأحد تعديلات جديدة قانون ضريبة القيمة المضافة تتيح للحكومة رفع أسعار السجائر المحلية والمستوردة بنسب تصل 23 بالمئة وفرض ضريبة البترول الخام بنسبة 10 بالمئة خطوة تستهدف تعزيز الإيرادات العامة موازنة العام المالي الجديد,اقتصاد
تبريد cvc dif تستحوذان شركة بال كولينغ أعلنت سي سي دي شركة البنى التحتية الإستراتيجية التابعة لشركة سي سي المتخصصة إدارة الأسواق العالمية الخاصة وتبريد المتخصصة تبريد المناطق شراكتهما للاستحواذ شركة بال لتبريد المناطق التابعة لمجموعة ملتيبلاي أبوظبي بصفقة خاضعة للموافقات الرسمية الصلة,اقتصاد
غروسي ينسف رواية ترامب مشروع إيران النووي يقبر الوقت سارعت واشنطن وتل أبيب إعلان النصر الاستراتيجي تنفيذ ضربات مكثفة منشآت البرنامج النووي الإيراني جاءت تصريحات المدير العام للوكالة الدولية للطاقة الذرية رافايل غروسي لتقلب الطاولة وتعيد ترتيب أوراق المشهد النووي,سياسة
أوسع هجوم روسي بدء الحرب رسالة حادة للغرب تصعيد عسكري الأوسع انطلاق الحرب الأوكرانية شنت روسيا هجوما جويا ضخما مواقع عمق الأراضي الأوكرانية مستخدمة مئات الطائرات المسيرة وعشرات الصواريخ خطوة اعتبرت رسالة ميدانية حادة للغرب وأوكرانيا بأن موسكو تقبل الجلوس طاولة المفاوضات الضغط العسكري العقوبات الاقتصادية,سياسة
سلاح حزب الله الضغوط والجدل اللبناني وترقب الرد يعود ملف سلاح حزب الله صدارة المشهد اللبناني مجددا مدفوعا بزخم دولي وأمريكي متزايد للضغط باتجاه حصر السلاح الدولة مقابل تعهدات بإنهاء الاحتلال الإسرائيلي لمناطق لبنانية حدودية,سياسة
تنجح ضغوط واشنطن التوصل صفقة تنهي حرب غزة ظل تصعيد عسكري مسبوق تواصل إسرائيل شن غاراتها المكثفة قطاع غزة مخلفة عشرات الضحايا يوميا قتيل وجريح وقت تتصاعد المساعي السياسية والدبلوماسية لاحتواء الموقف ووقف نزيف الدم,سياسة
مصر تسجل أقوى نمو فصلي للناتج المحلي 3 سنوات ارتفع معدل نمو الناتج المحلي الإجمالي مصر 477 بالمئة خلال الربع الثالث السنة المالية 20242025 بحسب أعلنته وزارة التخطيط الاثنين,اقتصاد
7 تراجع نفوذ الإخوان عربيا شهدت جماعة الإخوان وفروعها الدول العربية تراجعا حادا وخسائر متعددة الأبعاد أحداث السابع 2023 كشف هشاشة التنظيم العالمي للجماعة وفروعها المحلية دفع حالة الكمون القسري والعمل الظل,سياسة
ترامب تجارة السيارات اليابان عادلة ويجب تصحيحها يرى الرئيس الأميركي دونالد ترامب اليابان تستفيد بشكل عادل سوق السيارات الأميركية مطالبا طوكيو بزيادة وارداتها النفط والسلع الأميركية للمساعدة خفض العجز التجاري البلدين,اقتصاد
مشروع ترامب للضرائب يجتاز عقبة الشيوخ رغم تحذيرات الدين نجح الجمهوريون تمرير تصويت إجرائي داخل مجلس الشيوخ الأميركي لفتح النقاش حول مشروع الرئيس دونالد ترامب الشامل لخفض الضرائب والإنفاق يمنح التشريع دفعة مهمة طريقه الإقرار النهائي رغم التحذيرات أنه سيرفع الدين العام الأميركي بمقدار 33 تريليون,سياسة
بالفيديو فرقة بريطانية تردد هتاف الموت للجيش الإسرائيلي قال مسؤول رفيع وزارة الخارجية الأميركية تصريحات لموقع the daily wire السلطات الأميركية تدرس سحب تأشيرات دخول أعضاء فرقة bob vylan البريطانية خلفية هتافات أطلقوها خلال مشاركتهم مهرجان غلاستونبري الموسيقي بريطانيا,سياسة
بدء سريان اتفاق تجاري بريطانيا وأميركا لخفض الرسوم أعلنت الحكومة البريطانية الاثنين دخول الاتفاق التجاري الولايات المتحدة حيز التنفيذ الاتفاق وقعه الرئيس الأميركي دونالد ترامب ورئيس الوزراء البريطاني كير ستارمر وينص خفض الرسوم الجمركية عدد السلع البريطانية,سياسة
نتنياهو يضع إطلاق الرهائن أولوية هزيمة حماس أكد رئيس الوزراء الإسرائيلي بنيامين نتنياهو الأحد إطلاق سراح الرهائن المحتجزين حركة حماس يعد الأولوية القصوى لحكومته المرحلة الحالية وقت فسر مراقبون التصريحات بأنها تعكس تقديم ملف الرهائن هدف القضاء حماس قطاع غزة,سياسة
الأمم المتحدة تحذر خفض المساعدات يهدد استقرار العالم أكد المدير المعاون لبرنامج الأمم المتحدة الإنمائي هاوليانغ شو خفض المساعدات الخارجية ظل تصاعد الإنفاق العسكري يهدد فرص تحقيق السلام العالمي مشددا الاستثمار التنمية والدفاع والتجارة معادلة خاسرة لأي طرف,سياسة
بكين ترفع جزئيا حظر المأكولات البحرية اليابانية قررت الإدارة العامة للجمارك الصين رفع الحظر واردات المأكولات البحرية اليابانية معظم مناطق البلاد وذلك تحليل طويل الأمد أظهر عدم وجود شوائب نووية عينات مياه منطقة فوكوشيما,سياسة
كندا تلغي ضريبة الخدمات الرقمية لتسريع اتفاق تجاري أميركا أعلنت كندا أنها ستستأنف المفاوضات التجارية الولايات المتحدة أملا التوصل اتفاق ترامب ألغى المفاوضات احتجاجا فرض أوتاوا ضريبة شركات التكنولوجيا الأميركية,اقتصاد
خوليت يهاجم عقلية أسطورة الأهلي حسام غالي وجه أسطورة كرة القدم الهولندية رود خوليت انتقادات لاذعة للاعب الأهلي المصري السابق وأحد أساطيره حسام غالي خلال برنامج تلفزيوني الأحد,رياضة
إيران الظروف مناسبة لاستئناف المفاوضات أميركا قال سفير إيران ومندوبها الدائم الأمم المتحدة أمير سعيد إيرواني الظروف مناسبة لاستئناف المفاوضات الولايات المتحدة الوقت الراهن,سياسة
بسبب خطأ اليانصيب سعادة زائفة للآلاف اكتشاف الحقيقة عاش الآلاف النرويج لحظات السعادة الزائفة إبلاغهم طريق الخطأ بفوزهم بمبالغ مالية كبيرة سحب اليانصيب,اقتصاد
الرهائن حماس تغيرت لهجة نتنياهو رسائل ترامب لأول مرة اندلاع الحرب 2023 وضع رئيس الوزراء الإسرائيلي بنيامين نتنياهو الأحد إطلاق سراح الرهائن رأس أولويات الحكومة مقدما هزيمة حماس,سياسة
رسالة ميسي توديع مونديال الأندية قال النجم الأرجنتيني ليونيل ميسي قائد إنتر ميامي الأميركي فريقه قدم صورة جيدة مونديال الأندية رغم خروجه الدور ثمن النهائي بخسارة ثقيلة باريس سان جرمان الفرنسي 40 الأحد,رياضة
قائد الكتيبة خائن تصاعد العنف مستوطنين وقوات إسرائيلية تستمر المواجهات مستوطنين وقوات الأمن الإسرائيلية خارج قاعدة لواء بنيامين العسكرية الضفة الغربية المحتلة,سياسة
إطلاق نار رجال إطفاء أثناء إخماد حريق بولاية أميركية قال حاكم ولاية آيداهو الأميركية براد ليتل عددا رجال الإطفاء تعرضوا لهجوم أثناء محاولتهم إخماد حريق الولاية داعيا السكان الابتعاد المنطقة,اجتماعي
رباعية باريس سان جرمان ماسكيرانو يعترف بـالواقع المر اعترف المدير الفني لإنتر ميامي خافيير ماسكيرانو بوجود فجوة فريقه وباريس سان جرمان الفرنسي سحق الفريق الأميركي برباعية نظيفة دور الـ16 كأس العالم للأندية الأحد,رياضة
ضغوط أميركية لوقف حرب غزة ونقطة الخلاف الرئيسية باقية نقلت صحيفة تايمز أوف إسرائيل مسؤول أميركي ودبلوماسي عربي قولهما وزير الشؤون الاستراتيجية الإسرائيلي رون ديرمر سيواجه ضغوطا إدارة الرئيس الأميركي دونالد ترامب لإبرام صفقة تنهي الحرب غزة خلال اجتماعاته واشنطن الإثنين,سياسة
هجوم ترامب سيناتور جمهوري ينسحب التجديد النصفي قال السيناتور الجمهوري توم تيليس الأحد يسعى لإعادة انتخابه العام المقبل وذلك يوم قول الرئيس الأميركي دونالد ترامب سيدرس دعم منافسي السيناتور ردا تصويت الأخير ضد مشروع قانون ترامب لخفض الضرائب,سياسة
بايرن ينهي مغامرة فلامنغو ويبلغ ربع نهائي مونديال الأندية نجح بايرن ميونيخ الألماني إخماد ثورة فلامنغو البرازيلي وهزمه 42 دور الـ16 كأس العالم للأندية الأحد,رياضة
ستارمر يعلق هتاف الموت للجيش الإسرائيلي بمهرجان موسيقي قال رئيس الوزراء البريطاني كير ستارمر الأحد هتافات الموت للجيش الإسرائيلي مهرجان غلاستونبري الموسيقي تمثل خطاب كراهية مروعا,سياسة
فرقة جديدة الجيش الإسرائيلي علاقة الصراع إيران أعلن الجيش الإسرائيلي الأحد تشكيل فرقة جديدة تزامنا هجماته شنها إيران وقت سابق شهر الجاري,سياسة
رئيس إيران مستعدون لفتح صفحة جديدة جيراننا الخليج قال الرئيس الإيراني مسعود بزشكيان الأحد بلاده مستعدة لفتح صفحة جديدة جيرانها الخليج,سياسة
دراسة جديدة تكشف 3 عوامل ترفع خطر الإصابة بالخرف كشفت دراسة جديدة وجود علاقة الإصابة بأمراض ارتفاع ضغط الدم والسكري والتدخين منتصف العمر وزيادة خطر الإصابة بالخرف,صحة
ترامب يدفع اتفاق غزة ومعظم القضايا العالقة تم حلها قالت صحيفة جيروزاليم بوست الإسرائيلية الأحد الرئيس الأميركي دونالد ترامب يعمل دفع صفقة لإطلاق سراح الرهائن المحتجزين غزة وإنهاء الحرب إسرائيل وحماس,سياسة
تنصت أميركي اتصالات إيرانية ضربات واشنطن كشف ذكرت صحيفة واشنطن بوست الأحد نقلا أشخاص مطلعين معلومات مخابرات سرية متداولة داخل الحكومة الأميركية اتصالات إيرانية جرى اعتراضها تضمنت أحاديث تقلل حجم الأضرار سببتها الضربات الأميركية البرنامج النووي الإيراني,سياسة
التخريب الفرضيات مطروحة تحطم الطائرة الهندية أعلن مسؤول هندي الأحد التحقيق سبب حادث الطائرة الهندية طراز بوينغ 787 تحطمت 12 أثناء إقلاعها أحمد آباد غرب الهند يطرح الفرضيات فرضية التخريب,اجتماعي
فيديو الفنانة الشهيرة بيونسيه تتعرض لموقف مرعب الهواء تعرضت الفنانة الأميركية الشهيرة بيونسيه لموقف مرعب أثناء أدائها أغانيها الكلاسيكية خلال حفل أقيم ملعب بمدينة هيوستن ضمن أولى محطات جولتها كاوبوي كارتر,ثقافة
باريس سان جيرمان يقسو رفاق ميسي ويتقدم لدور الثمانية اكتفى باريس سان جيرمان بتسجيل أهداف الشوط الأول ليفوز 4صفر إنتر ميامي ليتقدم بطل أوروبا دور الثمانية لكأس العالم للأندية الموسعة لكرة القدم الأحد,رياضة
فشل الموسم والتمويل مزارعو السودان يواجهون أزمة مزدوجة يواجه المزارعون معظم أنحاء السودان أزمة مزدوجة تتمثل تدهور الإنتاج بسبب الأوضاع الأمنية ونقص الكهرباء يعتمد عليها معظم المزارعين الري,اقتصاد
نتنياهو النصر إيران يفتح نافذة لتوسيع اتفاقيات السلام قال رئيس الوزراء الإسرائيلي بنيامين نتنياهو الأحد الانتصار إيران فتح نافذة لتوسيع اتفاقيات السلام المنطقة,سياسة
مارادونا وميسي لامين يامال يخطف رقم الأساطير المرتقب يعلن نادي برشلونة الإسباني يوم الثلاثاء انتقال الرقم 10 اللاعب أنسو فاتي النجم الصاعد لامين يامال,رياضة
باراك اتفاقات سلام سوريا ولبنان إسرائيل باتت ضرورية أعلن الموفد الأميركي الخاص سوريا توم باراك الأحد سوريا ولبنان يحتاجان للتوصل اتفاقات سلام إسرائيل بعدما فتحت الحرب إسرائيل وإيران طريقا جديدا للشرق الأوسط,سياسة
قائد قوات الدفاع الجوي المصرية مهتمون بكل أحداث المنطقة أكد قائد قوات الدفاع الجوي المصرية الفريق ياسر الطودي اهتمام قوات الدفاع الجوي بكل يجري أحداث ومتغيرات المنطقة,سياسة
لابيد يرد طلب ترامب إلغاء محاكمة نتنياهو رد زعيم المعارضة الإسرائيلية يائير لابيد الأحد طلب الرئيس الأميركي دونالد ترامب إلغاء محاكمة رئيس الوزراء الإسرائيلي بنيامين نتياهو,سياسة
مسؤول روسي لقاء بوتين وترامب يتم لحظة أكد مساعد الرئيس الروسي يوري أوشاكوف الاحتفال بالذكرى السنوية الـ80 للأمم المتحدة يكون سببا وجيها لعقد اجتماع محتمل الرئيسين الروسي فلاديمير بوتين والأميركي دونالد ترامب,سياسة
إيران إصابة أشخاص انفجار خزان نيتروجين بمصفاة تبريز ذكرت وسائل إعلام إيرانية الأحد انفجار خزان نيتروجين مصفاة تبريز بشمال غرب إيران أدى إصابة عدد الأشخاص,اجتماعي
تقرير طلب الجيش الإسرائيلي إنهاء الحرب احتلال غزة بالكامل ومصر تتحدث اتفاق محتمل ألمح الجيش الإسرائيلي وفقا لتقرير قناة إسرائيلية خلال اجتماعه المستوى السياسي بالحكومة الإسرائيلية قرب انتهاء عملية عربات جدعون قطاع غزة تصاعدت وتيرة القصف الإسرائيلي القطاع أشار وزير الخارجية المصري العمل جار التوصل لاتفاق هدنة لـ 60 يوما غزة,سياسة
العشرية السوداء الجزائر حرب أهلية دامية قانون الوئام المدني عام 1992 ألغت الحكومة الجزائرية نتيجة الجولة الأولى للانتخابات التشريعية حققت الجبهة الإسلامية فوزا ساحقا الأمر أدى تحريض قادة الجبهة أعمال عنف دامية شهدتها البلاد استمرت لعشر سنوات,اجتماعي
فوز زهران ممداني يكشف الوجه القبيح لمعاداة الإسلام الولايات المتحدة الغارديان عرض الصحف يتضمن حملة الكراهية تعرض زهران ممداني فوزه بالانتخابات التمهيدية لمنصب عمدة نيويورك وتدخلات ترامب سياسات البنك الاحتياطي الفيدرالي واستمرار هجومه رئيسه جيروم باول وقضية دعم الأبناء ماليا فترة المراهقة وهل ينفعهم يضرهم,سياسة
لماذا يلوث هاتفك المحمول القديم تايلاند وفقا للأمم المتحدة ينتج العالم 60 مليون طن النفايات الكهربائية والإلكترونية سنويا ضعف الكمية كانت تنتج 15 عاما,تكنولوجيا
ماريوبول يرام شهادات تنفي الروايات الروسية الوضع المدينة المحتلة سنوات احتلالها تزال مدينة ماريوبول الأوكرانية تعاني دمار واسع ونقص حاد المياه والأدوية رغم روايات روسية تزعم عودة الحياة طبيعتها,اقتصاد
قصة الطفلة أعلنت السلطات الجزائرية العثور جثتها اختفائها لأكثر شهر 22 مايوأيار فقد أثر الطفلة مروة بوغاشيش الـ13 عاما إيصالها مدرستها لتؤدي آخر امتحان الصف الثاني المتوسط أنها تعد المنزل,اجتماعي
نائب وزير الخارجية الإيراني لبي سي يجب تستبعد واشنطن فكرة مهاجمتنا المفاوضات يقول نائب وزير الخارجية الإيراني حوار سي لماذا يجب طهران توافق فكرة إعادة النظر برنامجها النووي وهل ستتعرض إيران لأي عدوان بينما تنخرط المفاوضات,سياسة
الممكن تصطدم بالأرض كويكبات يراقبها العلماء تراقب العديد المنظمات الكويكبات كثب فقط لأنها تشكل تهديدا,تكنولوجيا
أمريكا تستطيع تفعل بكوريا الشمالية فعلته بإيران نيويورك تايمز نتناول عناوين الصحف نعرضها الأحد مقالات رأي نيويورك تايمز والغارديان حول تداعيات التدخل الأمريكي الصراع الأخير إيران وإسرائيل وازدهار العلامات التجارية الصينية وانتشارها دمى لابوبو صحيفة الإيكونومست,سياسة
لماذا ترغب بريطانيا شراء مقاتلات f35a رئيس الوزراء البريطاني أعلن حكومته ستشتري يقل 12 طائرة مقاتلة جديدة قادرة حمل قنابل نووية,سياسة
لوحات ضخمة قلب تل أبيب تدعو لـ شرق أوسط جديد وراءها سي تقصي الحقائق تهدف الحملة الإعلانية تعزيز تطبيع العلاقات دول عربية جديدة ضمن إطار إقليمي أوسع موقع الإئتلاف,سياسة
نقص حليب الأطفال يهدد حياة أطفال رضع غزة يحذر أطباء الأطفال المحتاجين لهذا الحليب يواجهون الموت حرموا غذائهم الوحيد ظل عدم قدرة كثير الأمهات إرضاع أطفالهم بصورة طبيعة بسبب النقص الحاد الغذاء,سياسة
يمكن تعالج العقول الاصطناعية العقول البشرية بريطانيا تواجه خدمات الصحة النفسية ضغطا متزايدا قوائم انتظار تمتد لأشهر وبالنسبة لأشخاص ليز البحث بدائل ضرورة وليس اختيارا,تكنولوجيا
نعرف صناعة كسوة الكعبة قامت الهيئة العامة للعناية بشؤون المسجد الحرام والمسجد النبوي الخميس بتغيير كسوة الكعبة المشرفة فماذا نعرف مراحل صناعة الكسوة وماذا يحدث للكسوة القديمة استبدالها,ثقافة
مرور شهر نظام المساعدات الجديد غزة إطلاق النار والفوضى روتينا تتوالى تقارير بشكل يومي سقوط قتلى الفلسطينيين المتوجهين لتلقي المساعدات دخول نظام جديد لتوزيعها شهر مؤسسة تدعمها الولايات المتحدة وإسرائيل,سياسة
حدث غزة خلال 12 يوما المواجهة إيران وإسرائيل اندلاع المواجهات إيران وإسرائيل كانت السلطات الإسرائيلية تواصل لليوم الثالث التوالي قطع الإنترنت وخدمات الاتصال كامل القطاع الفلسطيني أعرب الكثير سكانه مخاوفهم نسيان مأساتهم يعيشونها القطاع المدمر 20 شهرا,سياسة
لماذا تركت غزة المدة تقتل وتجوع الإعلان وقف إطلاق النار إيران وإسرائيل تبرز تساؤلات سكان قطاع غزة بشأن تعثر التوصل لهدنة القطاع أشهر طويلة الحرب يستمر سقوط الضحايا الساعين للحصول مساعدات,سياسة
ريما حسن لبي سي وضعوني العزل الانفرادي كتبت شعارات داعمة لفلسطين حائط المعتقل قالت ريما حسن لبي سي إنها وضعت بالعزل الانفرادي ساعات الصباح الأولى وحتى المساء وذلك بسبب كتابات كتبتها حائط مكان الاحتجاز السابق منطقة بالمهاجرين,اجتماعي
أحلام الإنجاب غزة تتلاشى الآلاف بسبب الحرب غزة تعرضت مراكز طبية متخصصة علاج العقم وأطفال الأنابيب لأضرار جسيمة أدت تدمير منشآت وأجهزة طبية دقيقة وتلف آلاف العينات الحيوية بينها أجنة مجمدة وبويضات مخصبة كانت تمثل حلم الأمومة والأبوة لآلاف الفلسطينيين فقدوا فرصتهم الوحيدة للإنجاب,اجتماعي
مسح شامل للبشرة لرصد المشاكل وتقديم الحلول مسح شامل للبشرة لرصد المشاكل وتقديم الحلول,صحة
حرب غزة لماذا يتعرض الفلسطينيون طالبي المساعدات الإنسانية للقتل قتل فلسطينيين طالبي المساعدات الأحد 29 يونيوحزيران ليضافوا مئات القتلى الآخرين سقطوا خلال شهر بدء توزيع المساعدات الإنسانية بآلية جديدة رعاية أمريكية إسرائيلية,سياسة
جهاز يقدم مسحا طبوغرافيا لخلايا البشرة جهاز يقدم مسحا طبوغرافيا لخلايا البشرة,تكنولوجيا
أمير الموسوي بلا قيود تخصيب إيران اليورانيوم بنسبة 60 عنادا لأمريكا يرى أمير الموسوي المستشار السابق رئاسة الجمهورية الإيرانية نفي القطريين تضرر قاعدة العديد تستضيفها قطر جراء استهدافها بصواريخ إيرانية مسايرة للرؤية الامريكية,سياسة
الطفلة الليبية سوهان السعود تفر عبر قارب هجرة بحثا علاج لمرضها النادر الطفلة الليبية سوهان السعود تفر عبر قارب هجرة بحثا علاج لمرضها النادر,صحة
ضحى العريبي تثير الانقسام بتصريحات حول شهادة البكالوريا تونس ضحى العريبي تثير الانقسام بتصريحات حول شهادة البكالوريا تونس,اجتماعي
عيد النائمين السبعة قصة مسيحية تنبئ الألمان بالطقس 27 عام تحتفل ألمانيا بعيد النائمين السبعة فما قصة العيد علاقته بأصحاب الكهف,ثقافة
الأزهر مسجد الفاطميين جامعة إسلامية عريقة امتداد عام عمره ظل الجامع الأزهر يحمل مشعل العلم والدين جامعا أصالة التراث وحتمية التجديد فما قصته,ثقافة
داء الاجتماعات عندما تتحول لقاءات العمل عبء تشكل الاجتماعات المفرطة وغير المجدية عبئا الموظفين والإنتاجية وغالبا تعكس مشكلات تنظيمية أعمق فما الحل,اجتماعي
يجب يكون أمين عام جامعة الدول العربية مصريا قال المحلل السياسي السعودي الدكتور محمد الحربي يوجد نص دستوري قانوني داخل الجامعة بوجوب تعيين الأمين العام جنسية معينة مطروح خلال قمة إعادة هيكلة جامعة الدول العربية يتعلق بآلية اختيار الأمين العام ودور المنظمة المشهد الإقليمي والدولي,سياسة
يوقع أحمد الشرع اتفاق تطبيع إسرائيل يشكل احتلال إسرائيل لمرتفعات الجولان أبرز التحديات احتمال لتطبيع العلاقات سوريا وإسرائيل فما حجم فرص التوصل اتفاق سلام البلدين,سياسة
شاهد أسراب حشرات الحب تغزو كوريا الجنوبية بأعداد كبيرة يكافح سكان كوريا الجنوبية غزوا لـحشرات الحب يظهر مقطع نشر وسائل التواصل الاجتماعي أسرابا الحشرات وهي تغطي جبل غيانغسان غربي البلاد,اجتماعي
ولي عهد دبي يعلن نجاح رحلة تجريبية للتاكسي الجوي أعلن ولي عهد دبي نائب رئيس مجلس الوزراء وزير الدفاع دولة الإمارات الشيخ حمدان بن محمد بن راشد آل مكتوم نجاح رحلة تجريبية للتاكسي الجوي,تكنولوجيا
حفل زفاف بيزوس ظهور وجوه بارزة قائمة أثرياء العالم تدفقت ثروات طائلة مدينة البندقية الإيطالية خلال الأيام القليلة الماضية لحضور حفل زفاف جيف بيزوس ولورين سانشيز الفاخر,ثقافة
المطور ابتكر تطبيقا لمكافحة ممارسات ضباط الهجرة والجمارك بأمريكا شاهد ابتكر الموسيقي والمطور جوشوا آرون تطبيقا يدعى iceblock يمكن المستخدمين نشر مشاهداتهم لضباط الهجرة والجمارك الأمريكية أنحاء البلاد تتحدث مراسلة cnn كلير دافي آرون دوافعه لإنشاء التطبيق والجهود بذلها لضمان دقته ومنعه تحديد هوية المستخدمين,تكنولوجيا
شابة تتعرض لهجوم مفاجئ مياه عكرة نسبيا شاطئ بأمريكا وخبراء سمكة حادثة غريبة الشيء تعرضت شابة تبلغ 20 عاما لعضة قدمها وساقها اليسرى بينما كانت المياه الشاطئ سنترال مول بنيويورك كانت المياه عكرة نسبيا,اجتماعي
إيران تكشف عدد قتلى الهجمات الإسرائيلية خلال حرب الـ12 يوما صرح المتحدث باسم السلطة القضائية الإيرانية أصغر جهانكير بأن الهجمات الإسرائيلية إيران أسفرت مقتل 935 شخصا بينهم 38 طفلا وفقا نقلته وكالة الأنباء الإيرانية الرسمية إرنا الاثنين,سياسة
ترامب مشيرا وجود شار محتمل لـتيك توك مجموعة الأثرياء جدا يقول الرئيس ترامب مشتريا محتملا لتطبيق تيك توك لكنه يكشف أسماء يأتي أشهر توقيع الكونغرس قانونا يلزم شركة بايت دانس الشركة الصينية الأم لتيك توك ببيع تطبيق التواصل الاجتماعي وإلا سيواجه حظرا الولايات المتحدة,اقتصاد
بعدما قصفته أمريكا كشفته صور أقمار صناعية جديدة موقع فوردو النووي الإيراني أظهرت صور جديدة التقطتها الأقمار الصناعية استمرار العمل منشأة فوردو الإيرانية للتخصيب النووي والتي قصفتها قاذفات b2 الأمريكية أسبوع بقليل,تكنولوجيا
مستحضرات مكياج أساسية للصيف وأخرى يجب تجنبها موسم الصيف يصبح اختيار مستحضرات المكياج المناسبة أمرا أساسيا للحفاظ مظهر متألق وطبيعي تجنب المشاكل الجلدية تنتج الحرارة والرطوبة المرتفعة,صحة
خارجية إيران دول الجوار رفضت استخدام إسرائيل أجواءها لشن ضربات علينا قال المتحدث باسم وزارة الخارجية الإيرانية إسماعيل بقائي الاثنين دول جوار إيران رفضت استخدام إسرائيل لأجوائها لشن الضربات علی بلاده بحسب نقلت عنه وكالة إرنا الإيرانية الرسمية للأنباء,سياسة
موقف مرعب انهيار شرفة منزل آخر وإصابة 9 أشخاص أحدهم حالته حرجة أدى انهيار شرفة منزل الطابق الثالث المباني مدينة بوسطن بولاية ماساتشوستس الأمريكية إصابة 9 أشخاص أحدهم حالة حرجة وقعت الحادثة حوالي الساعة العاشرة شارع هاروود,اجتماعي
قال عمر مرموش مواجهة الهلال السعودي كأس العالم للأندية قال عمر مرموش لاعب مانشستر سيتي الإنجليزي الهلال يعد أفضل الأندية السعودية وذلك مواجهة الفريقين أرض ملعب كامبنج وورلد الثلاثاء المقبل ضمن منافسات دور الـ16 كأس العالم للأندية 2025,رياضة
ريانا تتألق بإطلالة زرقاء ناعمة فستان مستوحى أزياء السنافر ظهرت النجمة العالمية ريانا السجادة الزرقاء بإطلالة حمل مصممة خصيصا دار الأزياء شانيل لتجسد مرة جديدة مفهوم الأناقة الجريئة خلال الحمل وذلك العرض العالمي الأول لفيلم the smurfs أقيم العاصمة البلجيكية بروكسل,ثقافة
الأعباء ثقيلة ولكننا ننحني الله السيسي يوجه خطابا الذكرى الـ12 لإنهاء حكم الإخوان بمصر وجه الرئيس المصري عبدالفتاح السيسي الاثنين خطابه الشعب المصري بمناسبة حلول الذكرى الـ12 لـثورة 30 يونيوحزيران عام 2013 أنهت حكم جماعة الإخوان المسلمين للبلاد,سياسة
استغرقت واحدة 249 ساعة العملإطلالات دوا ليبا جولتها الغنائية خطفت المغنية البريطانية دوا ليبا الأنظار خلال جولتها الغنائية radical optimism بإطلالات فريدة مصممة خصيصا أشهر دور الأزياء العالمية,صحة
جيفري ساكس وسيبيل فارس يكتبان خطة السلام الشامل الشرق الأوسط لهجوم إسرائيل والولايات المتحدة إيران تأثيران مهمان أولا كشف مرة أخرى السبب الجذري للاضطرابات المنطقة مشروع إسرائيل لإعادة تشكيل الشرق الأوسط خلال تغيير النظام يهدف الحفاظ هيمنتها وعرقلة قيام دولة فلسطينية ثانيا سلط الضوء عدم جدوى الاستراتيجية وتهورها السبيل الوحيد للسلام اتفاق شامل يعالج قيام دولة فلسطين وأمن إسرائيل وبرنامج إيران النووي السلمي والانتعاش الاقتصادي للمنطقة,سياسة
لمنعهم الهروب صور لتماسيح بقبعات إدارة الهجرة الأمريكية تحرس سجنا لاحتجاز مهاجرين تثير جدلا أثارت صور نشرتها وزارة الأمن الداخلي موقع إكس تويتر سابقا جدلا واسعا يبدو الحكومة الفيدرالية وافقت عليها تظهر العديد التماسيح ترتدي قبعات إدارة الهجرة والجمارك الأمريكية خارج يبدو أنه سجن المنشور اعتبرته جماعات حقوق المهاجرين وغيرها مسيئا للغاية,اجتماعي
ترامب يكشف يتحدث الإيرانيين مهاجمة منشآتهم النووية قال الرئيس الأمريكي دونالد ترامب الاثنين يتحدث الإيرانيين شنت الولايات المتحدة ضربات المنشآت النووية الرئيسية إيران,سياسة
ملامح متشابهة وجمال مختلفنجمات الثمانينيات وبناتهن تسريحات الشعر الضخمة طبعت حقبة الثمانينات المظهر الطبيعي والبشرة المتوهجة عصر اليوم يبدو الجمال يورث فحسب يعاد تشكيله وتفسيره وتقديمه جديد بحسب رؤيته وهويته الخاصة,ثقافة
مصر وزير الخارجية يكشف مصادر قلق بلاده الوضع سوريا أكد وزير الخارجية المصري بدر عبدالعاطي الأحد مصر تنحاز الشعب السوري واختياراته وتحدث وجود مصادر أسماه بـاقلق الشديد يتعلق بأمن واستقرار سوريا,سياسة
وزير الطاقة الإيراني الهجوم الإسرائيلي يلحق أضرارا بالبنية التحتية للطاقة البلاد قال وزير الطاقة الإيراني عباس علي آبادي يوم الاثنين الهجوم الإسرائيلي الجمهورية الإسلامية يسبب ضرر للبنية التحتية للطاقة البلاد,سياسة
سموتريتش سوريا حلمت بإزالة إسرائيل أرسلت مبعوثين للحديث التطبيع والسلام صرح وزير المالية الإسرائيلي بتسلئيل سموتريتش بأن سوريا حلمت يوما بإزالة إسرائيل الخارطة أرسلت اليوم مبعوثين للحديث التطبيع والسلام,سياسة
المحكمة العليا الأمريكية تدرس قضية مثيرة للجدل حول تمويل الحملات الانتخابية وافقت المحكمة العليا الأمريكية النظر قضية تخص رفع الحد الأقصى للمبالغ يسمح للأحزاب السياسية بإنفاقها بالتنسيق المرشحين خلال الحملات الانتخابية,سياسة
فاينانشال تايمز القوات الأوكرانية تنفد مواردها خلال أشهر ذكرت صحيفة فاينانشال تايمز القوات الأوكرانية تنفد مواردها خلال أشهر موضحة الوضع الجبهة يثير قلق عدد قادة الناتو يخشون تدهور كبير للوضع بحلول الخريف,سياسة
الموساد الهند تقرير خطير يفضح اختراقا إسرائيليا كبيرا للبيانات الحساسة إيران ودول الخليج نشرت صحيفة كيهان الإيرانية تقريرا كشفت خلاله اختراق إسرائيلي كبير للبرمجيات الحكومية إيران استهدف السجل المدني وبيانات جوازات السفر وأنظمة المطارات والمعدات العسكرية,تكنولوجيا
الخارجية الروسية تستدعي سفير أذربيجان قامت الخارجية الروسية باستدعاء السفير الأذربيجاني موسكو رحمن مصطفايف اليوم الاثنين خلفية وصفته بأنه تصرفات باكو الودية والاحتجاز القانوني للصحفيين الروس,سياسة
قائد ورئيس الشرق الأوسط ومحرك الخيوط سوريا ولبنان وإسرائيل استخباراتي إسرائيلي يجيب قال رئيس وحدة الاستخبارات العسكرية الإسرائيلية 8200 السابق حنان جيفن الشرق الأوسط تغير كليا خلال الأشهر الأخيرة بفضل الرئيس الأمريكي دونالد ترامب,سياسة
كازاخستان تحظر النقاب والبرقع الأماكن العامة أصدر الرئيس الكازاخستاني قاسم جومارت توكاييف مرسوما رئاسيا يحظر ارتداء الملابس تخفي الوجه الأماكن العامة النقاب والبرقع,سياسة
عشرات القتلى والجرحى بقصف إسرائيلي استهدف مقهى شاطئ بحر مدينة غزة أفادت مصادر طبية فلسطينية اليوم الاثنين بمقتل 33 شخصا الأقل وإصابة العشرات قصف إسرائيلي استهدف مقهى الباقة شاطئ بحر غزة,سياسة
مقتل الصحفي إسماعيل حطب قصف إسرائيلي استهدف مقهى الباقة شاطئ غزة لقي الصحفي الفلسطيني إسماعيل حطب مصرعه اليوم الاثنين قصف إسرائيلي استهدف مقهى شاطئ بحر غزة ضحيته عشرات القتلى والجرحى,سياسة
تنشئ كلمة مرور فعالة لحماية بياناتك الإلكترونية تعتبر كلمات المرور أهم وسائل حماية الحسابات الإلكترونية البريد الإلكتروني وحسابات التواصل الاجتماعي وإنشاء كلمة مرور فعالة يعتبر أهم الخطوات لحماية البيانات,تكنولوجيا
ضجة كبرى الجزائر إعلان العثور جثة الطفلة المفقودة مروة أكدت السلطات الجزائرية الأحد العثور جثة الطفلة مروة بوغاشيش 13 عاما حالة متقدمة التعفن بغابة جبل الوحش بقسنطينة اختفائها ظروف غامضة يوم 22 2025,اجتماعي
مفاجأة لمرضى السكري يحدث لجسمك شرب القهوة يوميا توصل فريق العلماء نتائج مثيرة حول العلاقة المعقدة استهلاك القهوة ومرض السكري النوع الثاني تحليل علمي موسع شمل قرابة 150 دراسة بحثية,صحة
استفز طرزان بحركة مشينة فنال عقابه مقاتل يتعرض للضرب خنق منافسه واقفا فيديو تعرض المقاتل الأمريكي المقاتل لويس هيرنانديز للضرب فوزه مواطنه مايلز هانسلينغر النزال جمعهما ضمن بطولة tuffnuff 145 للفنون القتالية المختلطة mma,رياضة
انفجار ناقلة نفط قبالة سواحل ليبيا أعلنت شركة tms tankers المشغلة لناقلة النفط vilamoura اليوم الاثنين انفجارا وقع غرفة محركات الناقلة أثناء إبحارها قبالة السواحل الليبية,اقتصاد
زر التدمير الذاتي سيناريو كارثي لنهاية الكون كشف فريق علماء الفيزياء سيناريوهات نهاية الكون الأكثر تدميرا الإطلاق زر التدمير الذاتي للكون يسمى اضمحلال الفراغ الزائف,تكنولوجيا
غيران3 الروسية نقلة نوعية حرب الطائرات المسيرة كشف الخبير العسكري الروسي أناتولي ماتفيتشوك أبرز الميزات تجعل درونات غيران3 الروسية سلاحا فعالا المعارك,تكنولوجيا
الخارجية الإيرانية تستدعي القائم بالأعمال الأوكراني وتسلمه مذكرة احتجاج استدعى رئيس الدائرة الأولى لدول أوراسيا بوزارة الخارجية الإيرانية شهرام فرساي القائم بالأعمال الأوكراني لتسليمه مذكرة احتجاج,سياسة
تقرير أممي القوات الأوكرانية أعدمت 26 عسكريا روسيا 2022 الجنود الأوكرانيون بإعدام يقل 26 عسكريا روسيا كانوا أسرى جرحى ساحة المعركة 2022 فيهم حالة واحدة منطقة دونيتسك أواخر عام 2024,سياسة
وزارة الخارجية البيلاروسية تقيم وضع حقوق الإنسان الاتحاد الأوروبي صرحت رئيسة الإدارة الرئيسية للدبلوماسية متعددة الأطراف بيلاروس إيرينا فيليشكو بأن وضع حقوق الإنسان الاتحاد الأوروبي أبعد يكون النموذج يحتذى,سياسة
إجلاء 50 شخص تركيا بسبب حرائق الغابات أفاد وزير الداخلية التركي علي يرلي كايا بإجلاء 50 شخص محافظات تركية بسبب حرائق الغابات التهمتها,اجتماعي
العراق الجفاف يكشف مدرسة مغمورة ظلت الماء 40 عاما ظهرت مدرسة كانت غمرتها المياه عقود الجفاف الشديد اجتاح إقليم كردستان العراق,اقتصاد
تمزيق الناتو ومطالبات بخروج فرنسا الاتحاد الأوروبي أثناء مظاهرة السلام باريس خرج مئات المتظاهرين شوارع باريس يوم الأحد مطالبين بانسحاب فرنسا الاتحاد الأوروبي وحلف الناتو وهي خطوة أطلق عليها مؤيدوها اسم فريكست,سياسة
السفن الحربية الروسية تضرب أهدافا بحرية بصواريخ مجنحة بحر اليابان شنت سفن حربية روسية ضربة مشتركة بصواريخ مجنحة عدو افتراضي خلال الجزء النهائي تدريبات أسطول المحيط الهادئ بحر اليابان,سياسة
موسكو تحتضن المنتدى الاقتصادي الروسي الليبي انطلقت موسكو المرحلة الثانية المنتدى الاقتصادي الروسي الليبي يشارك رواد الأعمال والمستثمرون والمسؤولون الحكوميون البلدين,اقتصاد
مشاهد هجوم مستوطنين قاعدة عسكرية الضفة الغربية هاجم مستوطنون إسرائيليون قاعدة عسكرية الضفة الغربية أشعلوا النيران وخربوا المركبات واشتبكوا الجنود الإسرائيليين,سياسة
تدهور وضع الجيش الأوكراني دونيتسك سيطرة الجيش الروسي رأس جسر مهم جمهورية دونيتسك الشعبية كتب أندريه ريزتشيكوف فزغلياد,سياسة
ستحبني رغما أنفك رغبة الولايات المتحدة تعزيز وجودها تركمانستان كتبت كسينيا لوغينوفا إزفيستيا,سياسة
صندوق الاستثمارات السعودي إجمالي الأصول تجاوز 43 تريليون نشر صندوق الاستثمارات السعودية الاثنين قوائمه المالية الموحدة السنوية للعام المنتهي 2024 عبر بورصة لندن للأوراق المالية كاشفا إجمالي أصوله تجاوز 43 تريليون,اقتصاد
النساء الأمريكيات يثبتن صحة تنبؤات إيلون ماسك بشأن انهيار الحضارة البشرية حذر إيلون ماسك لسنوات طويلة الانهيار السكاني يشكل تهديدا أكبر الحضارة البشرية تغير المناخ مشيرا انخفاض معدلات الخصوبة يؤدي أزمات اقتصادية واجتماعية,صحة
هاتفك مخترق 5 علامات تحذيرية تكشف خطر التجسس كشف خبير تقني علامات تحذيرية تشير شخصا يتجسس عبر هاتفك,تكنولوجيا
قطر الجهود مستمرة للوصول اتفاق أوسع بشأن النووي الإيراني قال ماجد الأنصاري المتحدث باسم وزارة الخارجية القطرية جهودا مستمرة الوصول اتفاق أوسع بشأن البرنامج النووي الإيراني,سياسة
تؤثر التغيرات الموسمية والروتين الأسبوعي نومنا تابع علماء جامعة فلندرز الأسترالية نوم 116000 شخص لمدة 35 سنوات 73 مليون ليلة نوم باستخدام جهاز خاص مثبت المرتبة وسجل المستشعر طول فترة النوم ووقته,صحة
التونسية أنس جابر تودع ويمبلدون مبكرا فيديو ودعت اللاعبة التونسية أنس جابر منافسات بطولة ويمبلدون ثالثة البطولات الأربع الكبرى للتنس غراند سلام الدور الأول بسبب الإصابة,رياضة
منظمة معاهدة الأمن الجماعي تصدر بيانا بشأن هجمات إسرائيل والولايات المتحدة إيران دان وزراء خارجية دول منظمة معاهدة الأمن الجماعي بشدة الضربات نفذتها إسرائيل والولايات المتحدة ضد إيران معتبرين الأعمال تهدد بزعزعة الاستقرار المنطقة,سياسة
تحسم إيران أمرها بالدخول الحرب الجديدة أرمينيا وأذربيجان يشن التلفزيون الرسمي الأذربيجاني هجوما عدوانيا عنيفا روسيا برغم الرئيس الأذربيجاني علييف السابق معتدلا ومتوازنا للغاية موسكو الرغم الضغوط الغربية,سياسة
مقتل 15 شخصا بقصف إسرائيلي استهدف استراحة شاطئ بحر مدينة غزة أفاد مراسل rt بأن 15 شخصا الأقل قتلوا وأصيب عدد آخر باستهداف الطائرات الحربية الإسرائيلية لاستراحة الباقة شاطئ بحر مدينة غزة,سياسة
غولدن لاين تتراجع قرار مغادرة سوريا تراجعت شركة غولدن لاين للإنتاج والتوزيع الفني قرارها بمغادرة سورية ونقل مقر الشركة خارجها,سياسة
روسيا وحلفاؤها عالم أمنا لطالما دأبت الولايات المتحدة وحلفاؤها تكريس بنية أمنية هشة منطقة أوراسيا بهدف تثبيت الهيمنة الغربية المنطقة أمر تعارضه روسيا وحلفاؤها بشدة,سياسة
الاعتراف بعدد علاقاتها صديقة نجم مدريد تفند مزاعم الانفصال فيديو ردت صديقة الإنجليزي جود بيلينغهام عارضة الأزياء آشلين كاسترو الأقاويل المتداولة بشأن انفصالها نجم مدريد ظل عدم ظهورهما سويا خلال الفترة الماضية,اجتماعي
مصر جدل حاد حول تعاطي الحكومة المصرية حادث هز البلاد تعرضت الحكومة المصرية خلال الـ24 ساعة الماضية لهجوم عنيف وشديد الإعلاميين والسياسيين حادث تصادم مروع الطريق الدائري الإقليمي,سياسة
الاتحاد الأوروبي يمدد عقوباته روسيا 2026 قرر مجلس الاتحاد الأوروبي خلال قمة عقدت بروكسل يوم 26 تمديد العقوبات الاقتصادية المفروضة روسيا لمدة 6 أشهر إضافية لتستمر 31 2026,اقتصاد
سوريا الشرع يرعى مشروعا فنيا وإعلاميا ضخما برعاية رئيس الجمهورية أحمد الشرع وقعت وزارة الإعلام السورية وشركة المها الدولية قصر الشعب اليوم مذكرة تفاهم لإنشاء مدينة بوابة دمشق للإنتاج الإعلامي والفني,سياسة
اكتشاف منشط طبيعي لحرق الدهون الجسم أظهرت دراسة علمية جديدة حقن بروتين معين الدماغ يساعد تنشيط عمليات الاستقلاب وحرق الدهون الجسم,صحة
دعوات سياسية إسرائيلية للتسوية إطلاق سراح الأسرى واتفاقات إقليمية مقابل إنهاء الحرب ظل تعثر الجهود العسكرية والسياسية بشأن الحرب بقطاع غزة واستمرار احتجاز الأسرى حماس تصاعدت الدعوات داخل الأوساط السياسية الإسرائيلية لإحداث تغييرات جذرية النهج الحالي,سياسة
مصر الفنانة شيرين تتعرض لهجوم المغرب غياب 9 سنوات ومحاميها يصدر بيانا أصدر المحامي الخاص بالفنانة المصرية شيرين عبد الوهاب ياسر قنطوش بيانا رسميا ردا موجة الانتقادات تعرضت الفنانة أدائها حفل ختام مهرجان موازين بالمغرب,ثقافة
روسيا تقيد الوصول مواقع 15 وسيلة إعلامية أوروبية ردا الحزمة 16 للعقوبات أفاد بيان صادر الخارجية الروسية بتقييد موسكو الوصول 15 موقعا لوسائل إعلام أوروبية الأراضي الروسية ردا القيود فرضها الاتحاد الأوروبي وسائل الإعلام الروسية,سياسة
إدارة ترامب تدرس وقف التمويل مستشفيات تقدم علاجات مرتبطة بالنوع الاجتماعي للأطفال أفادت صحيفة وول ستريت جورنال بأن إدارة الرئيس الأمريكي دونالد ترامب تدرس إمكانية وقف التمويل المستشفيات توفر علاجات متعلقة بالنوع الاجتماعي للأطفال والمراهقين,اجتماعي
صندوق التقاعد النرويجي يتخلى شركات أمريكية وألمانية بسبب مبيعات للجيش الإسرائيلي أعلن صندوق التقاعد النرويجي klp أنه أسقط استثمارات مجموعة أوشكوش الأمريكية وشركة ثيسن كروب الألمانية محفظته الاستثمارية لبيعها أسلحة ومعدات يستخدمها الجيش الإسرائيلي غزة,اقتصاد
الاستخبارات الخارجية الروسية خبراء يحاولون إقناع المفوضية الأوروبية بضرر تشديد العقوبات ضد روسيا يسعى خبراء دول الاتحاد الأوروبي جاهدين لإقناع المفوضية الأوروبية بضرر تشديد العقوبات ضد روسيا الاتحاد الأوروبي نفسه,سياسة
إيران تصدر تحديثا بعدد ضحايا الضربات الإسرائيلية أصدرت السلطات الإيرانية اليوم الاثنين تحديثا بعدد ضحايا الحرب إسرائيل بدأتها تل أبيب يوم 13 واستمرت 12 يوما,سياسة
يقتل الرابع العام 1958 يوم الانقلاب السلطة الملكية العراق يروي الدكتور عباس فاضل الجمالي نجل رئيس الوزراء العراقي الأسبق تفاصيل إشاعات انتشرت يومها حول مقتل والده,سياسة
دعاية رخيصة خبير مصري يعلق رواية متحولة جنسيا إسرائيلية زعمت تعرضها للقسوة خلال عبورها مصر وكيل وزارة الأوقاف المصري الأسبق والباحث الإسلامي سعد الفقي مزاعم متحولة جنسيا إسرائيلية لمصر بأنه تم التعامل معها بقسوة خلال رحلة وصولها إسرائيل عبر مصر,ثقافة
الدفاع الروسية تعلن تقدما ميدانيا كبيرا وتكبيد القوات الأوكرانية خسائر محاور متعددة أعلنت وزارة الدفاع الروسية اليوم الاثنين قواتها تواصل التقدم عدد المحاور الاستراتيجية ووجهت ضربات مركزة لتشكيلات الجيش الأوكراني موقعة خسائر كبيرة الأفراد والعتاد,سياسة
اتصالات دول الدرجة الثانية مسؤولون إسرائيليون يقللون فرص التطبيع السعودية قدر مسؤولون بارزون بالكابينت الإسرائيلي احتمالية التطبيع السعودية منخفضة جدا للانطباع السائد متحدثين انضمام دول الدرجة الثانية الثالثة اتفاقات أبراهام,سياسة
فيتيسوف يشكك تغير موقف اللجنة الأولمبية روسيا تعيين كوفنتري قال النائب مجلس الدوما فياتشيسلاف فيتيسوف تعيين كيرستي كوفنتري رئيسة جديدة للجنة الأولمبية الدولية يغير شيئا يتعلق برفع العقوبات المفروضة الرياضة الروسية,رياضة
الصين طائرة مسيرة تنقذ شابا سطح منزله وسط فيضانات جارفة فيديو مشهد درامي وثقته مقاطع مصورة تمكن فريق إنقاذ منطقة قوانغشي بجنوب الصين انتشال شاب حوصر سطح منزله بسبب الفيضانات مستخدما طائرة مسيرة معدلة,تكنولوجيا
الجبن وكوابيس الليل حقيقة خرافة دراسة علمية تكشف مفاجأة كشفت دراسة حديثة أجراها باحثون متخصصون علوم النوم تناول الجبن النوم يكون تأثيرات متوقعة جودة النوم والأحلام,صحة
الخارجية الروسية تعرب قلقها العملية الخاصة الأذربيجانية بمكتب سبوتنيك أعربت وزارة الخارجية الروسية قلقها انقطاع التواصل الصحفيين الروس العاصمة الأذربيجانية باكو عقب عملية أعلنتها أجهزة الأمن الأذربيجانية مكتب سبوتنيك,سياسة
كوكب الإمارات دبي تعلن نجاح رحلة تاكسي جوي أعلنت إمارة دبي اليوم الاثنين نجاح رحلة تجريبية للتاكسي الجوي جوبي تمهيدا لبدء تشغيلها مطلع العام المقبل 2026,تكنولوجيا
لأول مرة قنابل تكتيكية روسية تضرب أهدفا أوكرانية 100 كيلومتر خط الجبهة تمكنت القنابل الروسية التكتيكية الحائمة فائقة الدقة كاب ضرب أهداف أوكرانية تقع 100 كيلومتر خط الجبهة,تكنولوجيا
الثلوج تغطي الصحراء الأكثر جفافا العالم شهد سكان مناطق تشيلي يوم 27 2025 ظاهرة طبيعية نادرة غطت الثلوج صحراء أتاكاما تعتبر المكان الأكثر جفافا العالم,اجتماعي
روسيا إحباط نشاط جماعة متطرفة فولغوغراد والقبض منظمها أعلنت لجنة التحقيق الروسية فتح تحقيق جنائي إحباط نشاط جماعة متطرفة تضم مراهقين منطقة فولغوغراد والقبض العقل المدبر,سياسة
الهند تطلب مساعدة روسيا تحديث أسطولها لمقاتلات سو30 إم بحثت الهند وروسيا تحديث طائرات سو30 إم فترة وجيزة الزمن,تكنولوجيا
سياسية بريطانية الغرب يسعى لتقسيم روسيا ونهب ثرواتها لتحقيق مكاسب اقتصادية كشفت جوتي برار نائبة رئيس الحزب الشيوعي البريطاني وصفته بـخطة دموية تسعى خلالها الدول الغربية تقسيم روسيا ونهب ثرواتها,سياسة
توجيه دعوة للفنان الروسي يورا بوريسوف للمشاركة عضوية أكاديمية السينما الأمريكية تحقق دعوة الممثل الروسي يورا بوريسوف للانضمام أكاديمية الفنون السينمائية والعلوم المانحة لجوائز الأوسكار أهداف مهمة للأكاديمية إثراء صناعة السينما الخاصة,ثقافة
نيويورك تايمز إعادة تسليح الاتحاد الأوروبي تكون خطأ تاريخيا أعرب الكاتب أنطون ييغر مقاله بصحيفة نيويورك تايمز رأيه بأن إعادة تسليح الاتحاد الأوروبي تكون خطأ تاريخيا ظل مشكلات تخصيص الأموال والتنسيق دوله,سياسة
مصدر إيران ستجعل الحرب القادمة إسرائيل حربها الأخيرة صرح مصدر مطلع طهران اليوم الاثنين بأن إيران ستجعل الحرب القادمة إسرائيل حربها الأخيرة,سياسة
عبد العاطي مصر تحتفظ بحق الدفاع النفس وعن مصالحها المائية تعرضت لأي تهديد تحدث بدر عبد العاطي وزير الخارجية المصري ملف سد النهضة مؤكدا موضوع المياه التهديد الوجودي الأول والأوحد لمصر,سياسة
أسرع بـ100 مرة تقنية لاي فاي المتقدمة ستحل محل واي فاي طور المعهد الكوري الجنوبي للعلوم والتكنولوجيات المتقدمة تقنية lifi للاتصالات اللاسلكية باستخدام الضوء المرئي نطاق 400800 تيراهرتز محققة سرعات تصل 224 غيغابتالثانية,تكنولوجيا
ظاهرة جيولوجية نادرة رصد زلزال بطيء المحيط سابقة علمية مسبوقة نجح فريق العلماء بجامعة تكساس أوستن رصد ظاهرة جيولوجية نادرة تعرف باسم الزلزال البطيء أثناء حدوثها أعماق المحيط الهادئ,تكنولوجيا
بيسكوف يرد سؤال بشأن الجولة الثالثة المفاوضات الروسية الأوكرانية قال المتحدث الرسمي باسم الكرملين دميتري بيسكوف موعد الجولة الثالثة المفاوضات الروسية الأوكرانية سيتضح قريبا,سياسة
ألمانيا وفرنسا وبريطانيا تندد سمتها تهديدات إيران بحق غروسي نددت ألمانيا وفرنسا وبريطانيا بيان سمتها تهديدات إيران بحق مدير عام الوكالة الدولية للطاقة الذرية رافييل غروسي مجددة دعمها للوكالة,سياسة
سفير أمريكا يتوقع تسوية العقوبات تركيا العام قال سفير أمريكا تركيا يتوقع يتمكن الرئيسان الأمريكي دونالد ترامب والتركي رجب طيب أردوغان تسوية مسألة العقوبات الصلة بالدفاع المفروضة تركيا بحلول نهاية العام,سياسة
مكغفرن سياسات الناتو الاستفزازية جعلت روسيا أقوى وأكثر استقلالا اعتبر المحلل السابق وكالة الاستخبارات المركزية الأمريكية راي مكغفرن حلف الناتو ساهم بنفسه دفع روسيا اتباع سياسة مستقلة وقائمة الاكتفاء الذاتي,سياسة
روسيا تختبر سلاحها الليزري الجديد لمكافحة الدرونات فيديو ذكرت وسائل إعلام روسية العسكريين الروس بدأوا باستخدام منظومة دفاع جوي جديدة تعتمد الليزر لتدمير الدرونات الأوكرانية العملية العسكرية الخاصة,تكنولوجيا
لامين جمال يشعل الجدل مجددا بظهوره رفقة فتيات يخت فاخر البحر صور أثار النجم الشاب لنادي برشلونة لامين جمال البالغ العمر 17 عاما جدلا واسعا خلال إجازته الصيفية جزيرة إيبيزا الإسبانية,اجتماعي
موسكو تأسف لإلغاء باكو فعاليات مشتركة وتؤكد أولوية العلاقات الثنائية أعرب الكرملين أسفه لقرار أذربيجان إلغاء فعاليات مرتبطة بروسيا وذلك ردا اعتقال عناصر الجالية الأذرية يكاترينبورغ,سياسة
روسيا تطلق إجراءات اختبارية لتسهيل دخول السياح الأجانب عبر حدودها تأشيرة بدأت روسيا 30 باختبار إجراءات تجريبية تسمح للأجانب القادمين إليها إطار النظام يتطلب تأشيرة بدون فيزا بالتسجيل المسبق وصولهم الحدود,سياسة
المحكمة الجنائية الدولية تجدد مطالبتها للسلطات الليبية باعتقال أسامة نجيم جددت المحكمة الجنائية الدولية دعوتها للسلطات الليبية بالتعاون تنفيذ مذكرة التوقيف الدولية بحق أسامة نجيم وذلك خلفية ارتكابه انتهاكات جسيمة داخل سجن معيتيقة طرابلس,سياسة
فنان الأعراس الأشهر بالأردن يعود سوريا 14 عاما فيديو الفنان الشعبي السوري فرج قداح بلدته الحراك محافظة درعا جنوب سوريا مشهد وثق لحظة اللقاء العائلي غياب استمر 14 عاما,اجتماعي
أرمينيا تعلن بدء محادثات رسمية الاتحاد الأوروبي المجال الدفاعي أعلن وزير الخارجية الأرمني أرارات ميرزويان بدء محادثات رسمية الاتحاد الأوروبي حول التعاون المجال الدفاعي والأمني,سياسة
اختراق طبي مجال زراعة كلى الخنازير البشر بأمان حقق فريق الباحثين اختراقا علميا هاما مجال زراعة كلى الخنازير البشر خلال فهم دقيق لاستجابة الجهاز المناعي البشري وتطوير تدخلات علاجية تقلل خطر رفض العضو المزروع,صحة
أسوأ فكرة الإطلاق كلوب ينتقد وغوارديولا وستويتشكوف يردان أثار يورغن كلوب المدرب السابق لليفربول جدلا واسعا عندما وصف كأس العالم للأندية بنظامها الجديد بأنها أسوأ فكرة تاريخ كرة القدم,رياضة
السيسي يحذر حفتر مخاطر تحوم حول ليبيا وصل القائد العام للجيش الوطني الليبي خليفة حفتر مدينة العلمين الجديدة استقبله الرئيس المصري عبد الفتاح السيسي محذرا مخاطر التدخلات الخارجية,سياسة
عارضة أزياء تظهر لأول مرة بطولة تنس تمويل مسيرتها خلال جلسات التصوير صور ستظهر عارضة الأزياء المحترفة كارسون برانستين لأول مرة ويمبلدون يوم الاثنين ستواجه المرشحة للبطولة والمصنفة الأولى عالميا أرينا سابالينكا الملعب رقم 1,رياضة
غوتيريش المفيد الحد حق النقض الفيتو مجلس الأمن الدولي أعرب الأمين العام للأمم المتحدة أنطونيو غوتيريش اعتقاده بأنه المفيد الحد حق النقض الفيتو مجلس الأمن التابع للمنظمة الأممية,سياسة
بسبب محتوى روحاني نجم مانشستر يونايتد يلغي حفل زواجه كشفت تقارير صحفية تطورات مثيرة حياة النجم الهولندي ماتياس دي ليخت مدافع مانشستر يونايتد ألغى بشكل مفاجئ حفل زفافه شريكته آنيكي مولينار,اجتماعي
تحطم الطائرة الهندية التحقيقات تدرس فرضية التخريب كشف وزير الطيران المدني الهندي التحقيقات الجارية حادث تحطم طائرة بوينغ 7878 دريملاينر التابعة لشركة آير إنديا باتت تدرس الفرضيات احتمال التخريب,سياسة
نذير الطائر الطنان صحيفة مشؤومة ومسدس بطلقة واحدة ذروة أحداث ليلة السكاكين الطويلة أراد أدولف هتلر التخلص أشد منافسيه الزعامة بطريقة اعتقاله أمر تحضر زنزانته صحيفة ومسدس بطلقة واحدة,سياسة
ساعر مهتمون بإقامة علاقات دبلوماسية سوريا ولبنان مرتفعات الجولان ستبقى إسرائيلية أعلن وزير الخارجية الإسرائيلي جدعون ساعر إسرائيل مهتمة بتوسيع دائرة السلام لتشمل سوريا ولبنان أنه شدد أنه اتفاق مستقبلي ستبقى مرتفعات الجولان إسرائيلية,سياسة
إعلام عبري الجارة الجنوبية لإسرائيل تزداد جرأة قال المستشرق الإسرائيلي والمتخصص الشؤون العربية تسفي يحزكيلي السلام البارد مصر يجب يستبدل بحرب باردة معها وإنه يجب يكون الدور عليها إيران,سياسة
الجيش الإسرائيلي يصدر تحذيرا خطيرا لسكان غزة ويدعوهم للتوجه جنوبا أصدر الجيش الإسرائيلي اليوم الاثنين تحذيرا خطيرا لسكان غزة مشيرا قواته تعمل بقوة شديدة جدا عدد المناطق داعيا السكان التوجه جنوبا,سياسة
الأردن توسع التحقيقات كارثة الكحول وإغلاق مصانع مشبوهة وفاة 7 أشخاص توسعت التحقيقات الرسمية قضية الكحول الميثيلي الميثانول تسببت بوفاة أشخاص محافظة الزرقاء الأردنية,اجتماعي
السودان وفاة 239 طفلا بشمال دارفور بسبب الجوع ونقص الدواء أعلن الفريق الطبي التابع لشبكة أطباء السودان توثيق وفاة 239 طفلا نتيجة سوء التغذية ونقص الغذاء والدواء بولاية دارفور وذلك خلال الفترة الممتدة وحتى الحالي,اقتصاد
الخارجية الإيرانية يتم اتخاذ قرار نهائي بشأن المفاوضات المقبلة الترويكا الأوروبية أكدت الخارجية الإيرانية مطلب إيران الاعتراف الدولي بأن إسرائيل البادئة بالعدوان مشيرة أنه يتم اتخاذ قرار نهائي بشأن المفاوضات المقبلة الترويكا الأوروبية,سياسة
السيسي يخاطب المصريين ذكرى الإطاحة بالإخوان المسلمين ألقى الرئيس المصري عبد الفتاح السيسي كلمة بمناسبة الذكرى الحادية لثورة 30 مؤكدا الطريق يكن سهلا شهد مواجهة الإرهاب بدماء الشهداء وبسالة الرجال تم دحره,سياسة
الهلال السعودي يستعيد الجوير ويوزع تذاكر مجانية لمواجهة مانشستر سيتي أعلن الهلال السعودي تقديم تذاكر مجانية لجماهيره المبتعثين والمبتعثات الولايات المتحدة لحضور المواجهة المرتقبة مانشستر سيتي الإنجليزي كأس العالم للأندية 2025,رياضة
حادث مروع جديد الطريق الصحراوي مصر لقيت طفلة مصرعها وأصيب 17 آخرون بجروح وكسور متفرقة أنحاء الجسم إثر انقلاب سيارة ميكروباص محملة بالعمالة الزراعية واصطدامها بسيارة ملاكي الطريق الصحراوي مصر,اجتماعي
اتفاق الرسوم الجمركية المملكة المتحدة والولايات المتحدة يدخل حيز التنفيذ دخل اتفاق لخفض الرسوم الجمركية الولايات المتحدة والمملكة المتحدة حيز التنفيذ مانحا مصنعي السيارات البريطانيين امتياز الوصول التفضيلي أكبر سوق استهلاكية العالم,اقتصاد
